method,version,track_id,track,ratio,condition,window_seconds,start_seconds,detected_track,confidence,correct,false_positive,miss,position_error_seconds,confirmation_seconds,processing_ms,reference_bpm,input_bpm
spectral-landmarks,2,3,"video-e",0.90,clean,4,45.700,"video-e",0.574405,1,0,0,0.092,2.000,95.288,69.84,62.86
spectral-landmarks,2,3,"video-e",0.90,clean,4,114.250,"video-e",0.553571,1,0,0,0.097,2.000,97.861,69.84,62.86
spectral-landmarks,2,3,"video-e",0.90,clean,4,171.375,"video-e",0.577381,1,0,0,0.101,2.000,130.128,69.84,62.86
spectral-landmarks,2,3,"video-e",0.90,clean,6,45.700,"video-e",0.581349,1,0,0,0.137,2.000,174.974,69.84,62.86
spectral-landmarks,2,3,"video-e",0.90,clean,6,114.250,"video-e",0.547619,0,0,1,0.142,,134.942,69.84,62.86
spectral-landmarks,2,3,"video-e",0.90,clean,6,171.375,"video-e",0.587302,1,0,0,0.145,2.000,139.368,69.84,62.86
spectral-landmarks,2,3,"video-e",0.90,clean,8,45.700,"video-e",0.594118,1,0,0,0.098,2.000,178.869,69.84,62.86
spectral-landmarks,2,3,"video-e",0.90,clean,8,114.250,"video-e",0.558824,1,0,0,0.103,2.000,191.457,69.84,62.86
spectral-landmarks,2,3,"video-e",0.90,clean,8,171.375,"video-e",0.600000,1,0,0,0.106,2.000,189.602,69.84,62.86
spectral-landmarks,2,3,"video-e",0.93,clean,4,45.700,"video-e",0.645833,1,0,0,0.095,1.000,88.087,69.84,64.95
spectral-landmarks,2,3,"video-e",0.93,clean,4,114.250,"video-e",0.622024,1,0,0,0.100,1.000,86.581,69.84,64.95
spectral-landmarks,2,3,"video-e",0.93,clean,4,171.375,"video-e",0.616071,1,0,0,0.104,2.000,90.102,69.84,64.95
spectral-landmarks,2,3,"video-e",0.93,clean,6,45.700,"video-e",0.656746,1,0,0,0.141,1.000,137.706,69.84,64.95
spectral-landmarks,2,3,"video-e",0.93,clean,6,114.250,"video-e",0.636905,1,0,0,0.146,1.000,136.234,69.84,64.95
spectral-landmarks,2,3,"video-e",0.93,clean,6,171.375,"video-e",0.640873,1,0,0,0.150,1.000,131.525,69.84,64.95
spectral-landmarks,2,3,"video-e",0.93,clean,8,45.700,"video-e",0.645588,1,0,0,0.101,1.000,186.167,69.84,64.95
spectral-landmarks,2,3,"video-e",0.93,clean,8,114.250,"video-e",0.635294,1,0,0,0.106,1.000,170.114,69.84,64.95
spectral-landmarks,2,3,"video-e",0.93,clean,8,171.375,"video-e",0.650000,1,0,0,0.110,1.000,188.616,69.84,64.95
spectral-landmarks,2,3,"video-e",0.95,clean,4,45.700,"video-e",0.651786,1,0,0,0.097,1.000,86.692,69.84,66.35
spectral-landmarks,2,3,"video-e",0.95,clean,4,114.250,"video-e",0.639881,1,0,0,0.102,1.000,84.503,69.84,66.35
spectral-landmarks,2,3,"video-e",0.95,clean,4,171.375,"video-e",0.648810,1,0,0,0.106,1.000,91.799,69.84,66.35
spectral-landmarks,2,3,"video-e",0.95,clean,6,45.700,"video-e",0.664683,1,0,0,0.144,1.000,135.492,69.84,66.35
spectral-landmarks,2,3,"video-e",0.95,clean,6,114.250,"video-e",0.628968,1,0,0,0.149,1.000,129.628,69.84,66.35
spectral-landmarks,2,3,"video-e",0.95,clean,6,171.375,"video-e",0.652778,1,0,0,0.153,1.000,141.200,69.84,66.35
spectral-landmarks,2,3,"video-e",0.95,clean,8,45.700,"video-e",0.666176,1,0,0,0.103,1.000,189.989,69.84,66.35
spectral-landmarks,2,3,"video-e",0.95,clean,8,114.250,"video-e",0.616176,1,0,0,0.108,2.000,180.726,69.84,66.35
spectral-landmarks,2,3,"video-e",0.95,clean,8,171.375,"video-e",0.666176,1,0,0,0.112,1.000,187.911,69.84,66.35
spectral-landmarks,2,3,"video-e",1.00,clean,4,45.700,"video-e",0.964286,1,0,0,0.102,1.000,53.382,69.84,69.84
spectral-landmarks,2,3,"video-e",1.00,clean,4,114.250,"video-e",0.919643,1,0,0,0.107,1.000,50.220,69.84,69.84
spectral-landmarks,2,3,"video-e",1.00,clean,4,171.375,"video-e",0.842262,1,0,0,0.111,1.000,51.439,69.84,69.84
spectral-landmarks,2,3,"video-e",1.00,clean,6,45.700,"video-e",0.968254,1,0,0,0.152,1.000,84.168,69.84,69.84
spectral-landmarks,2,3,"video-e",1.00,clean,6,114.250,"video-e",0.910714,1,0,0,0.156,1.000,76.839,69.84,69.84
spectral-landmarks,2,3,"video-e",1.00,clean,6,171.375,"video-e",0.833333,1,0,0,0.160,1.000,78.029,69.84,69.84
spectral-landmarks,2,3,"video-e",1.00,clean,8,45.700,"video-e",0.967647,1,0,0,0.108,1.000,105.923,69.84,69.84
spectral-landmarks,2,3,"video-e",1.00,clean,8,114.250,"video-e",0.891176,1,0,0,0.113,1.000,101.584,69.84,69.84
spectral-landmarks,2,3,"video-e",1.00,clean,8,171.375,"video-e",0.850000,1,0,0,0.117,1.000,112.679,69.84,69.84
spectral-landmarks,2,3,"video-e",1.05,clean,4,45.700,"video-e",0.726190,1,0,0,0.107,1.000,86.878,69.84,73.33
spectral-landmarks,2,3,"video-e",1.05,clean,4,114.250,"video-e",0.696429,1,0,0,0.112,1.000,83.338,69.84,73.33
spectral-landmarks,2,3,"video-e",1.05,clean,4,171.375,"video-e",0.657738,1,0,0,0.116,1.000,87.138,69.84,73.33
spectral-landmarks,2,3,"video-e",1.05,clean,6,45.700,"video-e",0.718254,1,0,0,0.159,1.000,128.974,69.84,73.33
spectral-landmarks,2,3,"video-e",1.05,clean,6,114.250,"video-e",0.710317,1,0,0,0.164,1.000,127.780,69.84,73.33
spectral-landmarks,2,3,"video-e",1.05,clean,6,171.375,"video-e",0.684524,1,0,0,0.168,1.000,128.778,69.84,73.33
spectral-landmarks,2,3,"video-e",1.05,clean,8,45.700,"video-e",0.711765,1,0,0,0.114,1.000,179.410,69.84,73.33
spectral-landmarks,2,3,"video-e",1.05,clean,8,114.250,"video-e",0.694118,1,0,0,0.118,1.000,200.700,69.84,73.33
spectral-landmarks,2,3,"video-e",1.05,clean,8,171.375,"video-e",0.677941,1,0,0,0.122,1.000,198.923,69.84,73.33
spectral-landmarks,2,3,"video-e",1.10,clean,4,45.700,"video-e",0.678571,1,0,0,0.112,1.000,98.491,69.84,76.82
spectral-landmarks,2,3,"video-e",1.10,clean,4,114.250,"video-e",0.663690,1,0,0,0.117,1.000,90.171,69.84,76.82
spectral-landmarks,2,3,"video-e",1.10,clean,4,171.375,"video-e",0.604167,1,0,0,0.121,2.000,93.995,69.84,76.82
spectral-landmarks,2,3,"video-e",1.10,clean,6,45.700,"video-e",0.666667,1,0,0,0.167,1.000,151.834,69.84,76.82
spectral-landmarks,2,3,"video-e",1.10,clean,6,114.250,"video-e",0.670635,1,0,0,0.171,1.000,131.816,69.84,76.82
spectral-landmarks,2,3,"video-e",1.10,clean,6,171.375,"video-e",0.646825,1,0,0,0.175,1.000,138.964,69.84,76.82
spectral-landmarks,2,3,"video-e",1.10,clean,8,45.700,"video-e",0.664706,1,0,0,0.119,1.000,188.759,69.84,76.82
spectral-landmarks,2,3,"video-e",1.10,clean,8,114.250,"video-e",0.667647,1,0,0,0.124,1.000,180.243,69.84,76.82
spectral-landmarks,2,3,"video-e",1.10,clean,8,171.375,"video-e",0.641176,1,0,0,0.127,1.000,177.543,69.84,76.82
spectral-landmarks,2,3,"video-e",1.15,clean,4,45.700,"video-e",0.645833,1,0,0,0.117,1.000,90.050,69.84,80.32
spectral-landmarks,2,3,"video-e",1.15,clean,4,114.250,"video-e",0.630952,1,0,0,0.122,1.000,86.507,69.84,80.32
spectral-landmarks,2,3,"video-e",1.15,clean,4,171.375,"video-e",0.642857,1,0,0,0.126,1.000,85.732,69.84,80.32
spectral-landmarks,2,3,"video-e",1.15,clean,6,45.700,"video-e",0.662698,1,0,0,0.174,1.000,126.281,69.84,80.32
spectral-landmarks,2,3,"video-e",1.15,clean,6,114.250,"video-e",0.617063,1,0,0,0.179,2.000,127.030,69.84,80.32
spectral-landmarks,2,3,"video-e",1.15,clean,6,171.375,"video-e",0.640873,1,0,0,0.183,1.000,134.124,69.84,80.32
spectral-landmarks,2,3,"video-e",1.15,clean,8,45.700,"video-e",0.642647,1,0,0,0.124,1.000,181.960,69.84,80.32
spectral-landmarks,2,3,"video-e",1.15,clean,8,114.250,"video-e",0.614706,1,0,0,0.129,2.000,173.971,69.84,80.32
spectral-landmarks,2,3,"video-e",1.15,clean,8,171.375,"video-e",0.635294,1,0,0,0.133,1.000,177.811,69.84,80.32
spectral-landmarks,2,3,"video-e",1.17,clean,4,45.700,"video-e",0.619048,1,0,0,0.119,2.000,85.537,69.84,81.71
spectral-landmarks,2,3,"video-e",1.17,clean,4,114.250,"video-e",0.598214,1,0,0,0.124,2.000,84.266,69.84,81.71
spectral-landmarks,2,3,"video-e",1.17,clean,4,171.375,"video-e",0.610119,1,0,0,0.128,2.000,87.741,69.84,81.71
spectral-landmarks,2,3,"video-e",1.17,clean,6,45.700,"video-e",0.634921,1,0,0,0.177,1.000,134.781,69.84,81.71
spectral-landmarks,2,3,"video-e",1.17,clean,6,114.250,"video-e",0.601190,1,0,0,0.182,2.000,130.289,69.84,81.71
spectral-landmarks,2,3,"video-e",1.17,clean,6,171.375,"video-e",0.626984,1,0,0,0.186,1.000,133.226,69.84,81.71
spectral-landmarks,2,3,"video-e",1.17,clean,8,45.700,"video-e",0.627941,1,0,0,0.126,1.000,175.769,69.84,81.71
spectral-landmarks,2,3,"video-e",1.17,clean,8,114.250,"video-e",0.604412,1,0,0,0.131,2.000,180.234,69.84,81.71
spectral-landmarks,2,3,"video-e",1.17,clean,8,171.375,"video-e",0.636765,1,0,0,0.135,1.000,178.264,69.84,81.71
spectral-landmarks,2,3,"video-e",1.00,highpass,4,114.250,"video-e",0.747024,1,0,0,0.107,1.000,48.846,69.84,69.84
spectral-landmarks,2,3,"video-e",1.00,highpass,8,114.250,"video-e",0.726471,1,0,0,0.113,1.000,96.225,69.84,69.84
spectral-landmarks,2,3,"video-e",1.00,lowpass,4,114.250,"video-e",0.773810,1,0,0,0.107,1.000,46.764,69.84,69.84
spectral-landmarks,2,3,"video-e",1.00,lowpass,8,114.250,"video-e",0.738235,1,0,0,0.113,1.000,96.608,69.84,69.84
spectral-landmarks,2,3,"video-e",1.00,filter-release,4,114.250,"video-e",0.806548,1,0,0,0.107,1.000,48.880,69.84,69.84
spectral-landmarks,2,3,"video-e",1.00,filter-release,8,114.250,"video-e",0.805882,1,0,0,0.113,1.000,98.827,69.84,69.84
spectral-landmarks,2,3,"video-e",1.15,highpass,4,114.250,"video-e",0.571429,1,0,0,0.122,2.000,79.538,69.84,80.32
spectral-landmarks,2,3,"video-e",1.15,highpass,8,114.250,"video-e",0.525000,0,0,1,0.129,,173.862,69.84,80.32
spectral-landmarks,2,3,"video-e",1.15,lowpass,4,114.250,"video-e",0.565476,1,0,0,0.122,2.000,78.979,69.84,80.32
spectral-landmarks,2,3,"video-e",1.15,lowpass,8,114.250,"video-e",0.550000,1,0,0,0.129,2.000,175.815,69.84,80.32
spectral-landmarks,2,3,"video-e",1.15,filter-release,4,114.250,"video-e",0.583333,1,0,0,0.122,2.000,82.900,69.84,80.32
spectral-landmarks,2,3,"video-e",1.15,filter-release,8,114.250,"video-e",0.583824,1,0,0,0.129,2.000,170.385,69.84,80.32
spectral-landmarks,2,3,"video-e",0.93,speed-and-pitch,4,114.250,"video-k",0.160714,0,0,1,,,82.379,172.27,172.27
spectral-landmarks,2,3,"video-e",1.15,speed-and-pitch,4,114.250,"video-m",0.157738,0,0,1,,,82.908,129.20,129.20
spectral-landmarks,2,4,"video-k",0.90,clean,4,49.193,"video-k",0.586310,1,0,0,0.056,2.000,93.520,172.27,155.04
spectral-landmarks,2,4,"video-k",0.90,clean,4,122.983,"video-k",0.726190,1,0,0,0.100,1.000,85.255,172.27,155.04
spectral-landmarks,2,4,"video-k",0.90,clean,4,184.475,"video-k",0.589286,1,0,0,0.105,2.000,86.161,172.27,155.04
spectral-landmarks,2,4,"video-k",0.90,clean,6,49.193,"video-k",0.617063,1,0,0,0.101,2.000,131.329,172.27,155.04
spectral-landmarks,2,4,"video-k",0.90,clean,6,122.983,"video-k",0.730159,1,0,0,0.144,1.000,133.216,172.27,155.04
spectral-landmarks,2,4,"video-k",0.90,clean,6,184.475,"video-k",0.605159,1,0,0,0.149,2.000,137.147,172.27,155.04
spectral-landmarks,2,4,"video-k",0.90,clean,8,49.193,"video-k",0.605882,1,0,0,0.062,2.000,173.477,172.27,155.04
spectral-landmarks,2,4,"video-k",0.90,clean,8,122.983,"video-k",0.714706,1,0,0,0.105,1.000,175.339,172.27,155.04
spectral-landmarks,2,4,"video-k",0.90,clean,8,184.475,"video-k",0.598529,1,0,0,0.110,2.000,169.206,172.27,155.04
spectral-landmarks,2,4,"video-k",0.93,clean,4,49.193,"video-k",0.675595,1,0,0,0.059,1.000,86.426,172.27,160.21
spectral-landmarks,2,4,"video-k",0.93,clean,4,122.983,"video-k",0.708333,1,0,0,0.103,1.000,86.793,172.27,160.21
spectral-landmarks,2,4,"video-k",0.93,clean,4,184.475,"video-k",0.651786,1,0,0,0.108,1.000,86.157,172.27,160.21
spectral-landmarks,2,4,"video-k",0.93,clean,6,49.193,"video-k",0.678571,1,0,0,0.105,1.000,130.033,172.27,160.21
spectral-landmarks,2,4,"video-k",0.93,clean,6,122.983,"video-k",0.724206,1,0,0,0.149,1.000,133.523,172.27,160.21
spectral-landmarks,2,4,"video-k",0.93,clean,6,184.475,"video-k",0.640873,1,0,0,0.154,1.000,132.932,172.27,160.21
spectral-landmarks,2,4,"video-k",0.93,clean,8,49.193,"video-k",0.672059,1,0,0,0.065,1.000,172.400,172.27,160.21
spectral-landmarks,2,4,"video-k",0.93,clean,8,122.983,"video-k",0.710294,1,0,0,0.108,1.000,176.130,172.27,160.21
spectral-landmarks,2,4,"video-k",0.93,clean,8,184.475,"video-k",0.617647,1,0,0,0.114,2.000,178.442,172.27,160.21
spectral-landmarks,2,4,"video-k",0.95,clean,4,49.193,"video-k",0.687500,1,0,0,0.061,1.000,84.817,172.27,163.66
spectral-landmarks,2,4,"video-k",0.95,clean,4,122.983,"video-k",0.681548,1,0,0,0.105,1.000,86.612,172.27,163.66
spectral-landmarks,2,4,"video-k",0.95,clean,4,184.475,"video-k",0.636905,1,0,0,0.110,1.000,88.453,172.27,163.66
spectral-landmarks,2,4,"video-k",0.95,clean,6,49.193,"video-k",0.682540,1,0,0,0.108,1.000,128.184,172.27,163.66
spectral-landmarks,2,4,"video-k",0.95,clean,6,122.983,"video-k",0.714286,1,0,0,0.152,1.000,132.852,172.27,163.66
spectral-landmarks,2,4,"video-k",0.95,clean,6,184.475,"video-k",0.613095,1,0,0,0.157,2.000,135.167,172.27,163.66
spectral-landmarks,2,4,"video-k",0.95,clean,8,49.193,"video-k",0.670588,1,0,0,0.067,1.000,173.219,172.27,163.66
spectral-landmarks,2,4,"video-k",0.95,clean,8,122.983,"video-k",0.702941,1,0,0,0.110,1.000,169.618,172.27,163.66
spectral-landmarks,2,4,"video-k",0.95,clean,8,184.475,"video-k",0.619118,1,0,0,0.116,2.000,171.105,172.27,163.66
spectral-landmarks,2,4,"video-k",1.00,clean,4,49.193,"video-k",0.657738,1,0,0,0.066,1.000,50.854,172.27,172.27
spectral-landmarks,2,4,"video-k",1.00,clean,4,122.983,"video-k",0.866071,1,0,0,0.110,1.000,51.861,172.27,172.27
spectral-landmarks,2,4,"video-k",1.00,clean,4,184.475,"video-k",0.720238,1,0,0,0.115,1.000,50.404,172.27,172.27
spectral-landmarks,2,4,"video-k",1.00,clean,6,49.193,"video-k",0.692460,1,0,0,0.116,1.000,78.381,172.27,172.27
spectral-landmarks,2,4,"video-k",1.00,clean,6,122.983,"video-k",0.888889,1,0,0,0.159,1.000,77.491,172.27,172.27
spectral-landmarks,2,4,"video-k",1.00,clean,6,184.475,"video-k",0.700397,1,0,0,0.164,1.000,76.793,172.27,172.27
spectral-landmarks,2,4,"video-k",1.00,clean,8,49.193,"video-k",0.672059,1,0,0,0.072,1.000,105.141,172.27,172.27
spectral-landmarks,2,4,"video-k",1.00,clean,8,122.983,"video-k",0.861765,1,0,0,0.116,1.000,109.196,172.27,172.27
spectral-landmarks,2,4,"video-k",1.00,clean,8,184.475,"video-k",0.708824,1,0,0,0.121,1.000,102.956,172.27,172.27
spectral-landmarks,2,4,"video-k",1.05,clean,4,49.193,"video-k",0.630952,1,0,0,0.164,1.000,84.016,172.27,180.88
spectral-landmarks,2,4,"video-k",1.05,clean,4,122.983,"video-k",0.714286,1,0,0,0.114,1.000,84.349,172.27,180.88
spectral-landmarks,2,4,"video-k",1.05,clean,4,184.475,"video-k",0.633929,1,0,0,0.120,1.000,88.644,172.27,180.88
spectral-landmarks,2,4,"video-k",1.05,clean,6,49.193,"video-k",0.660714,1,0,0,0.123,1.000,127.710,172.27,180.88
spectral-landmarks,2,4,"video-k",1.05,clean,6,122.983,"video-k",0.742063,1,0,0,0.166,1.000,130.221,172.27,180.88
spectral-landmarks,2,4,"video-k",1.05,clean,6,184.475,"video-k",0.632937,1,0,0,0.172,1.000,128.967,172.27,180.88
spectral-landmarks,2,4,"video-k",1.05,clean,8,49.193,"video-k",0.647059,1,0,0,0.078,1.000,173.991,172.27,180.88
spectral-landmarks,2,4,"video-k",1.05,clean,8,122.983,"video-k",0.717647,1,0,0,0.121,1.000,181.231,172.27,180.88
spectral-landmarks,2,4,"video-k",1.05,clean,8,184.475,"video-k",0.636765,1,0,0,0.126,1.000,175.748,172.27,180.88
spectral-landmarks,2,4,"video-k",1.10,clean,4,49.193,"video-k",0.622024,1,0,0,0.076,1.000,82.763,172.27,189.50
spectral-landmarks,2,4,"video-k",1.10,clean,4,122.983,"video-k",0.675595,1,0,0,0.119,1.000,84.473,172.27,189.50
spectral-landmarks,2,4,"video-k",1.10,clean,4,184.475,"video-k",0.625000,1,0,0,0.125,1.000,88.940,172.27,189.50
spectral-landmarks,2,4,"video-k",1.10,clean,6,49.193,"video-k",0.646825,1,0,0,0.130,1.000,132.528,172.27,189.50
spectral-landmarks,2,4,"video-k",1.10,clean,6,122.983,"video-k",0.700397,1,0,0,0.174,1.000,131.240,172.27,189.50
spectral-landmarks,2,4,"video-k",1.10,clean,6,184.475,"video-k",0.619048,1,0,0,0.179,2.000,130.311,172.27,189.50
spectral-landmarks,2,4,"video-k",1.10,clean,8,49.193,"video-k",0.645588,1,0,0,0.083,1.000,176.084,172.27,189.50
spectral-landmarks,2,4,"video-k",1.10,clean,8,122.983,"video-k",0.705882,1,0,0,0.126,1.000,176.743,172.27,189.50
spectral-landmarks,2,4,"video-k",1.10,clean,8,184.475,"video-k",0.626471,1,0,0,0.131,1.000,174.416,172.27,189.50
spectral-landmarks,2,4,"video-k",1.15,clean,4,49.193,"video-k",0.672619,1,0,0,0.081,1.000,84.249,172.27,198.11
spectral-landmarks,2,4,"video-k",1.15,clean,4,122.983,"video-k",0.675595,1,0,0,0.124,1.000,82.948,172.27,198.11
spectral-landmarks,2,4,"video-k",1.15,clean,4,184.475,"video-k",0.571429,1,0,0,0.130,2.000,90.865,172.27,198.11
spectral-landmarks,2,4,"video-k",1.15,clean,6,49.193,"video-k",0.678571,1,0,0,0.138,1.000,131.263,172.27,198.11
spectral-landmarks,2,4,"video-k",1.15,clean,6,122.983,"video-k",0.682540,1,0,0,0.181,1.000,130.409,172.27,198.11
spectral-landmarks,2,4,"video-k",1.15,clean,6,184.475,"video-k",0.563492,1,0,0,0.187,2.000,128.534,172.27,198.11
spectral-landmarks,2,4,"video-k",1.15,clean,8,49.193,"video-k",0.669118,1,0,0,0.088,1.000,178.626,172.27,198.11
spectral-landmarks,2,4,"video-k",1.15,clean,8,122.983,"video-k",0.666176,1,0,0,0.131,1.000,171.243,172.27,198.11
spectral-landmarks,2,4,"video-k",1.15,clean,8,184.475,"video-k",0.573529,1,0,0,0.137,2.000,169.467,172.27,198.11
spectral-landmarks,2,4,"video-k",1.17,clean,4,49.193,"video-k",0.675595,1,0,0,0.083,1.000,85.653,172.27,201.56
spectral-landmarks,2,4,"video-k",1.17,clean,4,122.983,"video-k",0.752976,1,0,0,0.126,1.000,86.002,172.27,201.56
spectral-landmarks,2,4,"video-k",1.17,clean,4,184.475,"video-k",0.547619,0,0,1,0.132,,88.292,172.27,201.56
spectral-landmarks,2,4,"video-k",1.17,clean,6,49.193,"video-k",0.660714,1,0,0,0.141,1.000,127.624,172.27,201.56
spectral-landmarks,2,4,"video-k",1.17,clean,6,122.983,"video-k",0.722222,1,0,0,0.184,1.000,126.036,172.27,201.56
spectral-landmarks,2,4,"video-k",1.17,clean,6,184.475,"video-k",0.551587,1,0,0,0.190,2.000,130.110,172.27,201.56
spectral-landmarks,2,4,"video-k",1.17,clean,8,49.193,"video-k",0.645588,1,0,0,0.090,1.000,175.815,172.27,201.56
spectral-landmarks,2,4,"video-k",1.17,clean,8,122.983,"video-k",0.705882,1,0,0,0.134,1.000,172.787,172.27,201.56
spectral-landmarks,2,4,"video-k",1.17,clean,8,184.475,"video-k",0.558824,1,0,0,0.139,2.000,173.294,172.27,201.56
spectral-landmarks,2,4,"video-k",1.00,highpass,4,122.983,"video-k",0.770833,1,0,0,0.110,1.000,49.783,172.27,172.27
spectral-landmarks,2,4,"video-k",1.00,highpass,8,122.983,"video-k",0.744118,1,0,0,0.116,1.000,99.274,172.27,172.27
spectral-landmarks,2,4,"video-k",1.00,lowpass,4,122.983,"video-k",0.785714,1,0,0,0.110,1.000,49.492,172.27,172.27
spectral-landmarks,2,4,"video-k",1.00,lowpass,8,122.983,"video-k",0.795588,1,0,0,0.116,1.000,107.096,172.27,172.27
spectral-landmarks,2,4,"video-k",1.00,filter-release,4,122.983,"video-k",0.806548,1,0,0,0.110,1.000,49.629,172.27,172.27
spectral-landmarks,2,4,"video-k",1.00,filter-release,8,122.983,"video-k",0.811765,1,0,0,0.116,1.000,102.220,172.27,172.27
spectral-landmarks,2,4,"video-k",1.15,highpass,4,122.983,"video-k",0.619048,1,0,0,0.124,2.000,79.190,172.27,198.11
spectral-landmarks,2,4,"video-k",1.15,highpass,8,122.983,"video-k",0.600000,1,0,0,0.131,2.000,174.569,172.27,198.11
spectral-landmarks,2,4,"video-k",1.15,lowpass,4,122.983,"video-k",0.633929,1,0,0,0.124,1.000,82.792,172.27,198.11
spectral-landmarks,2,4,"video-k",1.15,lowpass,8,122.983,"video-k",0.633824,1,0,0,0.131,1.000,180.858,172.27,198.11
spectral-landmarks,2,4,"video-k",1.15,filter-release,4,122.983,"video-k",0.642857,1,0,0,0.124,1.000,80.454,172.27,198.11
spectral-landmarks,2,4,"video-k",1.15,filter-release,8,122.983,"video-k",0.636765,1,0,0,0.131,1.000,174.070,172.27,198.11
spectral-landmarks,2,4,"video-k",0.93,speed-and-pitch,4,122.983,"video-m",0.163690,0,0,1,,,74.694,129.20,129.20
spectral-landmarks,2,4,"video-k",1.15,speed-and-pitch,4,122.983,"video-e",0.196429,0,0,1,,,80.119,69.84,69.84
spectral-landmarks,2,5,"video-m",0.90,clean,4,45.060,"video-m",0.675595,1,0,0,0.102,1.000,81.351,129.20,116.28
spectral-landmarks,2,5,"video-m",0.90,clean,4,112.650,"video-m",0.645833,1,0,0,0.076,1.000,87.265,129.20,116.28
spectral-landmarks,2,5,"video-m",0.90,clean,4,168.975,"video-m",0.630952,1,0,0,0.116,1.000,86.982,129.20,116.28
spectral-landmarks,2,5,"video-m",0.90,clean,6,45.060,"video-m",0.642857,1,0,0,0.147,1.000,128.732,129.20,116.28
spectral-landmarks,2,5,"video-m",0.90,clean,6,112.650,"video-m",0.646825,1,0,0,0.120,1.000,133.762,129.20,116.28
spectral-landmarks,2,5,"video-m",0.90,clean,6,168.975,"video-m",0.634921,1,0,0,0.160,1.000,128.883,129.20,116.28
spectral-landmarks,2,5,"video-m",0.90,clean,8,45.060,"video-m",0.626471,1,0,0,0.108,1.000,174.960,129.20,116.28
spectral-landmarks,2,5,"video-m",0.90,clean,8,112.650,"video-m",0.639706,1,0,0,0.081,1.000,182.433,129.20,116.28
spectral-landmarks,2,5,"video-m",0.90,clean,8,168.975,"video-m",0.626471,1,0,0,0.121,1.000,175.103,129.20,116.28
spectral-landmarks,2,5,"video-m",0.93,clean,4,45.060,"video-m",0.633929,1,0,0,0.105,1.000,81.928,129.20,120.16
spectral-landmarks,2,5,"video-m",0.93,clean,4,112.650,"video-m",0.645833,1,0,0,0.079,1.000,87.366,129.20,120.16
spectral-landmarks,2,5,"video-m",0.93,clean,4,168.975,"video-m",0.657738,1,0,0,0.119,1.000,85.771,129.20,120.16
spectral-landmarks,2,5,"video-m",0.93,clean,6,45.060,"video-m",0.638889,1,0,0,0.151,1.000,127.733,129.20,120.16
spectral-landmarks,2,5,"video-m",0.93,clean,6,112.650,"video-m",0.660714,1,0,0,0.125,1.000,143.060,129.20,120.16
spectral-landmarks,2,5,"video-m",0.93,clean,6,168.975,"video-m",0.650794,1,0,0,0.165,1.000,129.271,129.20,120.16
spectral-landmarks,2,5,"video-m",0.93,clean,8,45.060,"video-m",0.626471,1,0,0,0.111,1.000,174.878,129.20,120.16
spectral-landmarks,2,5,"video-m",0.93,clean,8,112.650,"video-m",0.645588,1,0,0,0.085,1.000,182.285,129.20,120.16
spectral-landmarks,2,5,"video-m",0.93,clean,8,168.975,"video-m",0.625000,1,0,0,0.124,1.000,171.851,129.20,120.16
spectral-landmarks,2,5,"video-m",0.95,clean,4,45.060,"video-m",0.648810,1,0,0,0.107,1.000,84.882,129.20,122.74
spectral-landmarks,2,5,"video-m",0.95,clean,4,112.650,"video-m",0.714286,1,0,0,0.081,1.000,89.674,129.20,122.74
spectral-landmarks,2,5,"video-m",0.95,clean,4,168.975,"video-m",0.669643,1,0,0,0.121,1.000,88.868,129.20,122.74
spectral-landmarks,2,5,"video-m",0.95,clean,6,45.060,"video-m",0.636905,1,0,0,0.154,1.000,135.468,129.20,122.74
spectral-landmarks,2,5,"video-m",0.95,clean,6,112.650,"video-m",0.716270,1,0,0,0.128,1.000,137.878,129.20,122.74
spectral-landmarks,2,5,"video-m",0.95,clean,6,168.975,"video-m",0.668651,1,0,0,0.168,1.000,128.297,129.20,122.74
spectral-landmarks,2,5,"video-m",0.95,clean,8,45.060,"video-m",0.655882,1,0,0,0.113,1.000,171.131,129.20,122.74
spectral-landmarks,2,5,"video-m",0.95,clean,8,112.650,"video-m",0.716176,1,0,0,0.087,1.000,194.756,129.20,122.74
spectral-landmarks,2,5,"video-m",0.95,clean,8,168.975,"video-m",0.663235,1,0,0,0.127,1.000,183.927,129.20,122.74
spectral-landmarks,2,5,"video-m",1.00,clean,4,45.060,"video-m",0.806548,1,0,0,0.112,1.000,52.216,129.20,129.20
spectral-landmarks,2,5,"video-m",1.00,clean,4,112.650,"video-m",0.848214,1,0,0,0.086,1.000,52.051,129.20,129.20
spectral-landmarks,2,5,"video-m",1.00,clean,4,168.975,"video-m",0.782738,1,0,0,0.126,1.000,51.883,129.20,129.20
spectral-landmarks,2,5,"video-m",1.00,clean,6,45.060,"video-m",0.817460,1,0,0,0.162,1.000,78.489,129.20,129.20
spectral-landmarks,2,5,"video-m",1.00,clean,6,112.650,"video-m",0.837302,1,0,0,0.135,1.000,80.786,129.20,129.20
spectral-landmarks,2,5,"video-m",1.00,clean,6,168.975,"video-m",0.793651,1,0,0,0.175,1.000,76.876,129.20,129.20
spectral-landmarks,2,5,"video-m",1.00,clean,8,45.060,"video-m",0.827941,1,0,0,0.119,1.000,105.569,129.20,129.20
spectral-landmarks,2,5,"video-m",1.00,clean,8,112.650,"video-m",0.817647,1,0,0,0.092,1.000,110.114,129.20,129.20
spectral-landmarks,2,5,"video-m",1.00,clean,8,168.975,"video-m",0.769118,1,0,0,0.132,1.000,102.215,129.20,129.20
spectral-landmarks,2,5,"video-m",1.05,clean,4,45.060,"video-m",0.708333,1,0,0,0.117,1.000,84.132,129.20,135.66
spectral-landmarks,2,5,"video-m",1.05,clean,4,112.650,"video-m",0.660714,1,0,0,0.091,1.000,87.952,129.20,135.66
spectral-landmarks,2,5,"video-m",1.05,clean,4,168.975,"video-m",0.702381,1,0,0,0.131,1.000,86.324,129.20,135.66
spectral-landmarks,2,5,"video-m",1.05,clean,6,45.060,"video-m",0.700397,1,0,0,0.169,1.000,129.859,129.20,135.66
spectral-landmarks,2,5,"video-m",1.05,clean,6,112.650,"video-m",0.668651,1,0,0,0.143,1.000,132.953,129.20,135.66
spectral-landmarks,2,5,"video-m",1.05,clean,6,168.975,"video-m",0.716270,1,0,0,0.183,1.000,130.743,129.20,135.66
spectral-landmarks,2,5,"video-m",1.05,clean,8,45.060,"video-m",0.691176,1,0,0,0.124,1.000,175.984,129.20,135.66
spectral-landmarks,2,5,"video-m",1.05,clean,8,112.650,"video-m",0.651471,1,0,0,0.097,1.000,188.524,129.20,135.66
spectral-landmarks,2,5,"video-m",1.05,clean,8,168.975,"video-m",0.695588,1,0,0,0.137,1.000,178.561,129.20,135.66
spectral-landmarks,2,5,"video-m",1.10,clean,4,45.060,"video-m",0.657738,1,0,0,0.122,1.000,84.036,129.20,142.12
spectral-landmarks,2,5,"video-m",1.10,clean,4,112.650,"video-m",0.598214,1,0,0,0.096,2.000,90.274,129.20,142.12
spectral-landmarks,2,5,"video-m",1.10,clean,4,168.975,"video-m",0.660714,1,0,0,0.136,1.000,85.544,129.20,142.12
spectral-landmarks,2,5,"video-m",1.10,clean,6,45.060,"video-m",0.642857,1,0,0,0.177,1.000,128.651,129.20,142.12
spectral-landmarks,2,5,"video-m",1.10,clean,6,112.650,"video-m",0.621032,1,0,0,0.150,1.000,131.292,129.20,142.12
spectral-landmarks,2,5,"video-m",1.10,clean,6,168.975,"video-m",0.670635,1,0,0,0.190,1.000,132.111,129.20,142.12
spectral-landmarks,2,5,"video-m",1.10,clean,8,45.060,"video-m",0.626471,1,0,0,0.129,1.000,177.579,129.20,142.12
spectral-landmarks,2,5,"video-m",1.10,clean,8,112.650,"video-m",0.619118,1,0,0,0.103,2.000,182.625,129.20,142.12
spectral-landmarks,2,5,"video-m",1.10,clean,8,168.975,"video-m",0.645588,1,0,0,0.142,1.000,174.445,129.20,142.12
spectral-landmarks,2,5,"video-m",1.15,clean,4,45.060,"video-m",0.577381,1,0,0,0.127,2.000,83.644,129.20,148.58
spectral-landmarks,2,5,"video-m",1.15,clean,4,112.650,"video-m",0.660714,1,0,0,0.101,1.000,88.076,129.20,148.58
spectral-landmarks,2,5,"video-m",1.15,clean,4,168.975,"video-m",0.633929,1,0,0,0.141,1.000,87.642,129.20,148.58
spectral-landmarks,2,5,"video-m",1.15,clean,6,45.060,"video-m",0.585317,1,0,0,0.184,2.000,127.220,129.20,148.58
spectral-landmarks,2,5,"video-m",1.15,clean,6,112.650,"video-m",0.652778,1,0,0,0.158,1.000,141.388,129.20,148.58
spectral-landmarks,2,5,"video-m",1.15,clean,6,168.975,"video-m",0.648810,1,0,0,0.197,1.000,129.294,129.20,148.58
spectral-landmarks,2,5,"video-m",1.15,clean,8,45.060,"video-m",0.580882,1,0,0,0.134,2.000,174.402,129.20,148.58
spectral-landmarks,2,5,"video-m",1.15,clean,8,112.650,"video-m",0.639706,1,0,0,0.108,1.000,180.849,129.20,148.58
spectral-landmarks,2,5,"video-m",1.15,clean,8,168.975,"video-m",0.610294,1,0,0,0.148,2.000,181.146,129.20,148.58
spectral-landmarks,2,5,"video-m",1.17,clean,4,45.060,"video-m",0.604167,1,0,0,0.129,2.000,85.179,129.20,151.16
spectral-landmarks,2,5,"video-m",1.17,clean,4,112.650,"video-m",0.616071,1,0,0,0.103,2.000,94.733,129.20,151.16
spectral-landmarks,2,5,"video-m",1.17,clean,4,168.975,"video-m",0.657738,1,0,0,0.142,1.000,84.440,129.20,151.16
spectral-landmarks,2,5,"video-m",1.17,clean,6,45.060,"video-m",0.615079,1,0,0,0.187,2.000,132.073,129.20,151.16
spectral-landmarks,2,5,"video-m",1.17,clean,6,112.650,"video-m",0.628968,1,0,0,0.161,1.000,137.094,129.20,151.16
spectral-landmarks,2,5,"video-m",1.17,clean,6,168.975,"video-m",0.642857,1,0,0,0.200,1.000,131.901,129.20,151.16
spectral-landmarks,2,5,"video-m",1.17,clean,8,45.060,"video-m",0.592647,1,0,0,0.136,2.000,177.734,129.20,151.16
spectral-landmarks,2,5,"video-m",1.17,clean,8,112.650,"video-m",0.630882,1,0,0,0.110,1.000,182.018,129.20,151.16
spectral-landmarks,2,5,"video-m",1.17,clean,8,168.975,"video-m",0.626471,1,0,0,0.150,1.000,175.415,129.20,151.16
spectral-landmarks,2,5,"video-m",1.00,highpass,4,112.650,"video-m",0.672619,1,0,0,0.086,1.000,51.041,129.20,129.20
spectral-landmarks,2,5,"video-m",1.00,highpass,8,112.650,"video-m",0.660294,1,0,0,0.092,1.000,102.704,129.20,129.20
spectral-landmarks,2,5,"video-m",1.00,lowpass,4,112.650,"video-m",0.726190,1,0,0,0.086,1.000,53.347,129.20,129.20
spectral-landmarks,2,5,"video-m",1.00,lowpass,8,112.650,"video-m",0.697059,1,0,0,0.092,1.000,98.277,129.20,129.20
spectral-landmarks,2,5,"video-m",1.00,filter-release,4,112.650,"video-m",0.776786,1,0,0,0.086,1.000,52.805,129.20,129.20
spectral-landmarks,2,5,"video-m",1.00,filter-release,8,112.650,"video-m",0.730882,1,0,0,0.092,1.000,109.892,129.20,129.20
spectral-landmarks,2,5,"video-m",1.15,highpass,4,112.650,"video-m",0.556548,1,0,0,0.101,2.000,88.746,129.20,148.58
spectral-landmarks,2,5,"video-m",1.15,highpass,8,112.650,"video-m",0.539706,0,0,1,0.108,,172.282,129.20,148.58
spectral-landmarks,2,5,"video-m",1.15,lowpass,4,112.650,"video-m",0.589286,1,0,0,0.101,2.000,82.437,129.20,148.58
spectral-landmarks,2,5,"video-m",1.15,lowpass,8,112.650,"video-m",0.572059,1,0,0,0.108,2.000,168.088,129.20,148.58
spectral-landmarks,2,5,"video-m",1.15,filter-release,4,112.650,"video-m",0.610119,1,0,0,0.101,2.000,86.640,129.20,148.58
spectral-landmarks,2,5,"video-m",1.15,filter-release,8,112.650,"video-m",0.586765,1,0,0,0.108,2.000,181.667,129.20,148.58
spectral-landmarks,2,5,"video-m",0.93,speed-and-pitch,4,112.650,"video-o",0.169643,0,0,1,,,78.617,129.20,120.16
spectral-landmarks,2,5,"video-m",1.15,speed-and-pitch,4,112.650,"video-k",0.214286,0,0,1,,,84.176,172.27,172.27
spectral-landmarks,2,6,"video-o",0.90,clean,4,56.316,"video-o",0.678571,1,0,0,0.120,1.000,92.723,129.20,116.28
spectral-landmarks,2,6,"video-o",0.90,clean,4,140.789,"video-o",0.696429,1,0,0,0.073,1.000,87.348,129.20,116.28
spectral-landmarks,2,6,"video-o",0.90,clean,4,211.184,"video-o",0.663690,1,0,0,0.064,1.000,84.654,129.20,116.28
spectral-landmarks,2,6,"video-o",0.90,clean,6,56.316,"video-o",0.674603,1,0,0,0.164,1.000,136.092,129.20,116.28
spectral-landmarks,2,6,"video-o",0.90,clean,6,140.789,"video-o",0.710317,1,0,0,0.117,1.000,130.034,129.20,116.28
spectral-landmarks,2,6,"video-o",0.90,clean,6,211.184,"video-o",0.674603,1,0,0,0.109,1.000,128.360,129.20,116.28
spectral-landmarks,2,6,"video-o",0.90,clean,8,56.316,"video-o",0.675000,1,0,0,0.125,1.000,184.849,129.20,116.28
spectral-landmarks,2,6,"video-o",0.90,clean,8,140.789,"video-o",0.730882,1,0,0,0.078,1.000,179.994,129.20,116.28
spectral-landmarks,2,6,"video-o",0.90,clean,8,211.184,"video-o",0.676471,1,0,0,0.070,1.000,173.079,129.20,116.28
spectral-landmarks,2,6,"video-o",0.93,clean,4,56.316,"video-o",0.684524,1,0,0,0.123,1.000,88.587,129.20,120.16
spectral-landmarks,2,6,"video-o",0.93,clean,4,140.789,"video-o",0.732143,1,0,0,0.075,1.000,88.056,129.20,120.16
spectral-landmarks,2,6,"video-o",0.93,clean,4,211.184,"video-o",0.735119,1,0,0,0.067,1.000,89.239,129.20,120.16
spectral-landmarks,2,6,"video-o",0.93,clean,6,56.316,"video-o",0.688492,1,0,0,0.169,1.000,132.248,129.20,120.16
spectral-landmarks,2,6,"video-o",0.93,clean,6,140.789,"video-o",0.732143,1,0,0,0.122,1.000,132.891,129.20,120.16
spectral-landmarks,2,6,"video-o",0.93,clean,6,211.184,"video-o",0.706349,1,0,0,0.113,1.000,131.105,129.20,120.16
spectral-landmarks,2,6,"video-o",0.93,clean,8,56.316,"video-o",0.688235,1,0,0,0.128,1.000,182.389,129.20,120.16
spectral-landmarks,2,6,"video-o",0.93,clean,8,140.789,"video-o",0.733824,1,0,0,0.081,1.000,173.919,129.20,120.16
spectral-landmarks,2,6,"video-o",0.93,clean,8,211.184,"video-o",0.704412,1,0,0,0.073,1.000,180.200,129.20,120.16
spectral-landmarks,2,6,"video-o",0.95,clean,4,56.316,"video-o",0.699405,1,0,0,0.125,1.000,88.389,129.20,122.74
spectral-landmarks,2,6,"video-o",0.95,clean,4,140.789,"video-o",0.741071,1,0,0,0.077,1.000,88.071,129.20,122.74
spectral-landmarks,2,6,"video-o",0.95,clean,4,211.184,"video-o",0.726190,1,0,0,0.069,1.000,84.682,129.20,122.74
spectral-landmarks,2,6,"video-o",0.95,clean,6,56.316,"video-o",0.690476,1,0,0,0.172,1.000,133.915,129.20,122.74
spectral-landmarks,2,6,"video-o",0.95,clean,6,140.789,"video-o",0.740079,1,0,0,0.125,1.000,130.826,129.20,122.74
spectral-landmarks,2,6,"video-o",0.95,clean,6,211.184,"video-o",0.738095,1,0,0,0.116,1.000,130.319,129.20,122.74
spectral-landmarks,2,6,"video-o",0.95,clean,8,56.316,"video-o",0.695588,1,0,0,0.130,1.000,186.545,129.20,122.74
spectral-landmarks,2,6,"video-o",0.95,clean,8,140.789,"video-o",0.742647,1,0,0,0.083,1.000,177.854,129.20,122.74
spectral-landmarks,2,6,"video-o",0.95,clean,8,211.184,"video-o",0.735294,1,0,0,0.075,1.000,173.795,129.20,122.74
spectral-landmarks,2,6,"video-o",1.00,clean,4,56.316,"video-o",0.738095,1,0,0,0.130,1.000,51.917,129.20,129.20
spectral-landmarks,2,6,"video-o",1.00,clean,4,140.789,"video-o",0.833333,1,0,0,0.082,1.000,54.240,129.20,129.20
spectral-landmarks,2,6,"video-o",1.00,clean,4,211.184,"video-o",0.764881,1,0,0,0.074,1.000,50.804,129.20,129.20
spectral-landmarks,2,6,"video-o",1.00,clean,6,56.316,"video-o",0.740079,1,0,0,0.179,1.000,86.110,129.20,129.20
spectral-landmarks,2,6,"video-o",1.00,clean,6,140.789,"video-o",0.845238,1,0,0,0.132,1.000,84.677,129.20,129.20
spectral-landmarks,2,6,"video-o",1.00,clean,6,211.184,"video-o",0.759921,1,0,0,0.124,1.000,82.722,129.20,129.20
spectral-landmarks,2,6,"video-o",1.00,clean,8,56.316,"video-o",0.738235,1,0,0,0.136,1.000,121.518,129.20,129.20
spectral-landmarks,2,6,"video-o",1.00,clean,8,140.789,"video-o",0.847059,1,0,0,0.089,1.000,118.524,129.20,129.20
spectral-landmarks,2,6,"video-o",1.00,clean,8,211.184,"video-o",0.758824,1,0,0,0.080,1.000,107.705,129.20,129.20
spectral-landmarks,2,6,"video-o",1.05,clean,4,56.316,"video-o",0.723214,1,0,0,0.134,1.000,94.724,129.20,135.66
spectral-landmarks,2,6,"video-o",1.05,clean,4,140.789,"video-o",0.747024,1,0,0,0.087,1.000,88.437,129.20,135.66
spectral-landmarks,2,6,"video-o",1.05,clean,4,211.184,"video-o",0.717262,1,0,0,0.079,1.000,85.949,129.20,135.66
spectral-landmarks,2,6,"video-o",1.05,clean,6,56.316,"video-o",0.724206,1,0,0,0.186,1.000,131.631,129.20,135.66
spectral-landmarks,2,6,"video-o",1.05,clean,6,140.789,"video-o",0.759921,1,0,0,0.139,1.000,131.941,129.20,135.66
spectral-landmarks,2,6,"video-o",1.05,clean,6,211.184,"video-o",0.718254,1,0,0,0.131,1.000,128.526,129.20,135.66
spectral-landmarks,2,6,"video-o",1.05,clean,8,56.316,"video-o",0.732353,1,0,0,0.141,1.000,185.694,129.20,135.66
spectral-landmarks,2,6,"video-o",1.05,clean,8,140.789,"video-o",0.748529,1,0,0,0.094,1.000,187.228,129.20,135.66
spectral-landmarks,2,6,"video-o",1.05,clean,8,211.184,"video-o",0.713235,1,0,0,0.086,1.000,196.335,129.20,135.66
spectral-landmarks,2,6,"video-o",1.10,clean,4,56.316,"video-o",0.675595,1,0,0,0.139,1.000,96.866,129.20,142.12
spectral-landmarks,2,6,"video-o",1.10,clean,4,140.789,"video-o",0.690476,1,0,0,0.092,1.000,94.678,129.20,142.12
spectral-landmarks,2,6,"video-o",1.10,clean,4,211.184,"video-o",0.690476,1,0,0,0.084,1.000,91.498,129.20,142.12
spectral-landmarks,2,6,"video-o",1.10,clean,6,56.316,"video-o",0.680556,1,0,0,0.194,1.000,138.013,129.20,142.12
spectral-landmarks,2,6,"video-o",1.10,clean,6,140.789,"video-o",0.722222,1,0,0,0.147,1.000,132.940,129.20,142.12
spectral-landmarks,2,6,"video-o",1.10,clean,6,211.184,"video-o",0.686508,1,0,0,0.138,1.000,138.271,129.20,142.12
spectral-landmarks,2,6,"video-o",1.10,clean,8,56.316,"video-o",0.695588,1,0,0,0.146,1.000,197.784,129.20,142.12
spectral-landmarks,2,6,"video-o",1.10,clean,8,140.789,"video-o",0.741176,1,0,0,0.099,1.000,181.871,129.20,142.12
spectral-landmarks,2,6,"video-o",1.10,clean,8,211.184,"video-o",0.682353,1,0,0,0.091,1.000,176.897,129.20,142.12
spectral-landmarks,2,6,"video-o",1.15,clean,4,56.316,"video-o",0.696429,1,0,0,0.144,1.000,89.977,129.20,148.58
spectral-landmarks,2,6,"video-o",1.15,clean,4,140.789,"video-o",0.720238,1,0,0,0.097,1.000,87.191,129.20,148.58
spectral-landmarks,2,6,"video-o",1.15,clean,4,211.184,"video-o",0.684524,1,0,0,0.089,1.000,85.655,129.20,148.58
spectral-landmarks,2,6,"video-o",1.15,clean,6,56.316,"video-o",0.662698,1,0,0,0.201,1.000,138.144,129.20,148.58
spectral-landmarks,2,6,"video-o",1.15,clean,6,140.789,"video-o",0.718254,1,0,0,0.154,1.000,135.910,129.20,148.58
spectral-landmarks,2,6,"video-o",1.15,clean,6,211.184,"video-o",0.684524,1,0,0,0.146,1.000,131.274,129.20,148.58
spectral-landmarks,2,6,"video-o",1.15,clean,8,56.316,"video-o",0.673529,1,0,0,0.151,1.000,188.584,129.20,148.58
spectral-landmarks,2,6,"video-o",1.15,clean,8,140.789,"video-o",0.723529,1,0,0,0.104,1.000,183.351,129.20,148.58
spectral-landmarks,2,6,"video-o",1.15,clean,8,211.184,"video-o",0.694118,1,0,0,0.096,1.000,176.054,129.20,148.58
spectral-landmarks,2,6,"video-o",1.17,clean,4,56.316,"video-o",0.645833,1,0,0,0.146,1.000,93.947,129.20,151.16
spectral-landmarks,2,6,"video-o",1.17,clean,4,140.789,"video-o",0.714286,1,0,0,0.099,1.000,89.867,129.20,151.16
spectral-landmarks,2,6,"video-o",1.17,clean,4,211.184,"video-o",0.711310,1,0,0,0.091,1.000,96.927,129.20,151.16
spectral-landmarks,2,6,"video-o",1.17,clean,6,56.316,"video-o",0.644841,1,0,0,0.204,1.000,141.708,129.20,151.16
spectral-landmarks,2,6,"video-o",1.17,clean,6,140.789,"video-o",0.736111,1,0,0,0.157,1.000,134.710,129.20,151.16
spectral-landmarks,2,6,"video-o",1.17,clean,6,211.184,"video-o",0.690476,1,0,0,0.149,1.000,130.049,129.20,151.16
spectral-landmarks,2,6,"video-o",1.17,clean,8,56.316,"video-o",0.657353,1,0,0,0.154,1.000,181.579,129.20,151.16
spectral-landmarks,2,6,"video-o",1.17,clean,8,140.789,"video-o",0.719118,1,0,0,0.106,1.000,180.026,129.20,151.16
spectral-landmarks,2,6,"video-o",1.17,clean,8,211.184,"video-o",0.694118,1,0,0,0.098,1.000,173.666,129.20,151.16
spectral-landmarks,2,6,"video-o",1.00,highpass,4,140.789,"video-o",0.657738,1,0,0,0.082,1.000,48.651,129.20,129.20
spectral-landmarks,2,6,"video-o",1.00,highpass,8,140.789,"video-o",0.688235,1,0,0,0.089,1.000,99.104,129.20,129.20
spectral-landmarks,2,6,"video-o",1.00,lowpass,4,140.789,"video-o",0.723214,1,0,0,0.082,1.000,53.254,129.20,129.20
spectral-landmarks,2,6,"video-o",1.00,lowpass,8,140.789,"video-o",0.751471,1,0,0,0.089,1.000,100.396,129.20,129.20
spectral-landmarks,2,6,"video-o",1.00,filter-release,4,140.789,"video-o",0.758929,1,0,0,0.082,1.000,51.062,129.20,129.20
spectral-landmarks,2,6,"video-o",1.00,filter-release,8,140.789,"video-o",0.757353,1,0,0,0.089,1.000,102.907,129.20,129.20
spectral-landmarks,2,6,"video-o",1.15,highpass,4,140.789,"video-o",0.613095,1,0,0,0.097,2.000,84.559,129.20,148.58
spectral-landmarks,2,6,"video-o",1.15,highpass,8,140.789,"video-o",0.617647,1,0,0,0.104,2.000,170.244,129.20,148.58
spectral-landmarks,2,6,"video-o",1.15,lowpass,4,140.789,"video-o",0.657738,1,0,0,0.097,1.000,86.006,129.20,148.58
spectral-landmarks,2,6,"video-o",1.15,lowpass,8,140.789,"video-o",0.667647,1,0,0,0.104,1.000,174.326,129.20,148.58
spectral-landmarks,2,6,"video-o",1.15,filter-release,4,140.789,"video-o",0.669643,1,0,0,0.097,1.000,90.130,129.20,148.58
spectral-landmarks,2,6,"video-o",1.15,filter-release,8,140.789,"video-o",0.666176,1,0,0,0.104,1.000,174.796,129.20,148.58
spectral-landmarks,2,6,"video-o",0.93,speed-and-pitch,4,140.789,"video-s",0.175595,0,0,1,,,80.953,129.20,129.20
spectral-landmarks,2,6,"video-o",1.15,speed-and-pitch,4,140.789,"video-k",0.160714,0,0,1,,,78.203,172.27,172.27
spectral-landmarks,2,7,"video-s",0.90,clean,4,39.239,"video-s",0.580357,1,0,0,0.133,2.000,86.010,129.20,116.28
spectral-landmarks,2,7,"video-s",0.90,clean,4,98.098,"video-s",0.648810,1,0,0,0.106,1.000,86.472,129.20,116.28
spectral-landmarks,2,7,"video-s",0.90,clean,4,147.147,"video-s",0.663690,1,0,0,0.115,1.000,88.484,129.20,116.28
spectral-landmarks,2,7,"video-s",0.90,clean,6,39.239,"video-s",0.589286,1,0,0,0.178,2.000,128.077,129.20,116.28
spectral-landmarks,2,7,"video-s",0.90,clean,6,98.098,"video-s",0.666667,1,0,0,0.151,1.000,127.933,129.20,116.28
spectral-landmarks,2,7,"video-s",0.90,clean,6,147.147,"video-s",0.626984,1,0,0,0.159,1.000,130.514,129.20,116.28
spectral-landmarks,2,7,"video-s",0.90,clean,8,39.239,"video-s",0.576471,1,0,0,0.139,2.000,173.536,129.20,116.28
spectral-landmarks,2,7,"video-s",0.90,clean,8,98.098,"video-s",0.670588,1,0,0,0.112,1.000,180.634,129.20,116.28
spectral-landmarks,2,7,"video-s",0.90,clean,8,147.147,"video-s",0.619118,1,0,0,0.120,2.000,170.143,129.20,116.28
spectral-landmarks,2,7,"video-s",0.93,clean,4,39.239,"video-s",0.589286,1,0,0,0.136,2.000,85.502,129.20,120.16
spectral-landmarks,2,7,"video-s",0.93,clean,4,98.098,"video-s",0.678571,1,0,0,0.109,1.000,86.781,129.20,120.16
spectral-landmarks,2,7,"video-s",0.93,clean,4,147.147,"video-s",0.663690,1,0,0,0.117,1.000,83.444,129.20,120.16
spectral-landmarks,2,7,"video-s",0.93,clean,6,39.239,"video-s",0.615079,1,0,0,0.182,2.000,128.268,129.20,120.16
spectral-landmarks,2,7,"video-s",0.93,clean,6,98.098,"video-s",0.702381,1,0,0,0.155,1.000,129.625,129.20,120.16
spectral-landmarks,2,7,"video-s",0.93,clean,6,147.147,"video-s",0.662698,1,0,0,0.164,1.000,126.064,129.20,120.16
spectral-landmarks,2,7,"video-s",0.93,clean,8,39.239,"video-s",0.605882,1,0,0,0.142,2.000,173.990,129.20,120.16
spectral-landmarks,2,7,"video-s",0.93,clean,8,98.098,"video-s",0.697059,1,0,0,0.115,1.000,176.319,129.20,120.16
spectral-landmarks,2,7,"video-s",0.93,clean,8,147.147,"video-s",0.651471,1,0,0,0.123,1.000,177.955,129.20,120.16
spectral-landmarks,2,7,"video-s",0.95,clean,4,39.239,"video-s",0.571429,1,0,0,0.045,2.000,84.232,129.20,122.74
spectral-landmarks,2,7,"video-s",0.95,clean,4,98.098,"video-s",0.663690,1,0,0,0.111,1.000,85.609,129.20,122.74
spectral-landmarks,2,7,"video-s",0.95,clean,4,147.147,"video-s",0.729167,1,0,0,0.119,1.000,81.786,129.20,122.74
spectral-landmarks,2,7,"video-s",0.95,clean,6,39.239,"video-s",0.611111,1,0,0,0.092,2.000,131.395,129.20,122.74
spectral-landmarks,2,7,"video-s",0.95,clean,6,98.098,"video-s",0.666667,1,0,0,0.158,1.000,131.144,129.20,122.74
spectral-landmarks,2,7,"video-s",0.95,clean,6,147.147,"video-s",0.678571,1,0,0,0.167,1.000,127.506,129.20,122.74
spectral-landmarks,2,7,"video-s",0.95,clean,8,39.239,"video-s",0.623529,1,0,0,0.051,1.000,188.205,129.20,122.74
spectral-landmarks,2,7,"video-s",0.95,clean,8,98.098,"video-s",0.663235,1,0,0,0.117,1.000,183.451,129.20,122.74
spectral-landmarks,2,7,"video-s",0.95,clean,8,147.147,"video-s",0.675000,1,0,0,0.125,1.000,177.934,129.20,122.74
spectral-landmarks,2,7,"video-s",1.00,clean,4,39.239,"video-s",0.639881,1,0,0,0.143,1.000,52.241,129.20,129.20
spectral-landmarks,2,7,"video-s",1.00,clean,4,98.098,"video-s",0.830357,1,0,0,0.116,1.000,50.189,129.20,129.20
spectral-landmarks,2,7,"video-s",1.00,clean,4,147.147,"video-s",0.764881,1,0,0,0.124,1.000,50.821,129.20,129.20
spectral-landmarks,2,7,"video-s",1.00,clean,6,39.239,"video-s",0.623016,1,0,0,0.192,1.000,75.087,129.20,129.20
spectral-landmarks,2,7,"video-s",1.00,clean,6,98.098,"video-s",0.849206,1,0,0,0.165,1.000,87.582,129.20,129.20
spectral-landmarks,2,7,"video-s",1.00,clean,6,147.147,"video-s",0.742063,1,0,0,0.174,1.000,76.125,129.20,129.20
spectral-landmarks,2,7,"video-s",1.00,clean,8,39.239,"video-s",0.619118,1,0,0,0.149,2.000,108.245,129.20,129.20
spectral-landmarks,2,7,"video-s",1.00,clean,8,98.098,"video-s",0.832353,1,0,0,0.122,1.000,102.313,129.20,129.20
spectral-landmarks,2,7,"video-s",1.00,clean,8,147.147,"video-s",0.744118,1,0,0,0.131,1.000,103.906,129.20,129.20
spectral-landmarks,2,7,"video-s",1.05,clean,4,39.239,"video-s",0.636905,1,0,0,0.148,1.000,85.556,129.20,135.66
spectral-landmarks,2,7,"video-s",1.05,clean,4,98.098,"video-s",0.735119,1,0,0,0.121,1.000,86.272,129.20,135.66
spectral-landmarks,2,7,"video-s",1.05,clean,4,147.147,"video-s",0.735119,1,0,0,0.129,1.000,85.281,129.20,135.66
spectral-landmarks,2,7,"video-s",1.05,clean,6,39.239,"video-s",0.640873,1,0,0,0.200,1.000,128.094,129.20,135.66
spectral-landmarks,2,7,"video-s",1.05,clean,6,98.098,"video-s",0.736111,1,0,0,0.173,1.000,135.664,129.20,135.66
spectral-landmarks,2,7,"video-s",1.05,clean,6,147.147,"video-s",0.714286,1,0,0,0.181,1.000,128.890,129.20,135.66
spectral-landmarks,2,7,"video-s",1.05,clean,8,39.239,"video-s",0.638235,1,0,0,0.154,1.000,173.751,129.20,135.66
spectral-landmarks,2,7,"video-s",1.05,clean,8,98.098,"video-s",0.720588,1,0,0,0.127,1.000,181.680,129.20,135.66
spectral-landmarks,2,7,"video-s",1.05,clean,8,147.147,"video-s",0.713235,1,0,0,0.136,1.000,176.247,129.20,135.66
spectral-landmarks,2,7,"video-s",1.10,clean,4,39.239,"video-s",0.598214,1,0,0,0.153,2.000,87.648,129.20,142.12
spectral-landmarks,2,7,"video-s",1.10,clean,4,98.098,"video-s",0.633929,1,0,0,0.126,1.000,85.287,129.20,142.12
spectral-landmarks,2,7,"video-s",1.10,clean,4,147.147,"video-s",0.669643,1,0,0,0.134,1.000,87.188,129.20,142.12
spectral-landmarks,2,7,"video-s",1.10,clean,6,39.239,"video-s",0.603175,1,0,0,0.207,2.000,126.146,129.20,142.12
spectral-landmarks,2,7,"video-s",1.10,clean,6,98.098,"video-s",0.644841,1,0,0,0.180,1.000,140.589,129.20,142.12
spectral-landmarks,2,7,"video-s",1.10,clean,6,147.147,"video-s",0.670635,1,0,0,0.189,1.000,126.269,129.20,142.12
spectral-landmarks,2,7,"video-s",1.10,clean,8,39.239,"video-s",0.602941,1,0,0,0.160,2.000,177.848,129.20,142.12
spectral-landmarks,2,7,"video-s",1.10,clean,8,98.098,"video-s",0.657353,1,0,0,0.133,1.000,178.529,129.20,142.12
spectral-landmarks,2,7,"video-s",1.10,clean,8,147.147,"video-s",0.660294,1,0,0,0.141,1.000,170.547,129.20,142.12
spectral-landmarks,2,7,"video-s",1.15,clean,4,39.239,"video-s",0.595238,1,0,0,0.158,2.000,86.844,129.20,148.58
spectral-landmarks,2,7,"video-s",1.15,clean,4,98.098,"video-s",0.613095,1,0,0,0.131,2.000,89.472,129.20,148.58
spectral-landmarks,2,7,"video-s",1.15,clean,4,147.147,"video-s",0.660714,1,0,0,0.139,1.000,84.807,129.20,148.58
spectral-landmarks,2,7,"video-s",1.15,clean,6,39.239,"video-s",0.579365,1,0,0,0.215,2.000,130.967,129.20,148.58
spectral-landmarks,2,7,"video-s",1.15,clean,6,98.098,"video-s",0.611111,1,0,0,0.188,2.000,132.412,129.20,148.58
spectral-landmarks,2,7,"video-s",1.15,clean,6,147.147,"video-s",0.638889,1,0,0,0.196,1.000,127.449,129.20,148.58
spectral-landmarks,2,7,"video-s",1.15,clean,8,39.239,"video-s",0.563235,1,0,0,0.165,2.000,170.275,129.20,148.58
spectral-landmarks,2,7,"video-s",1.15,clean,8,98.098,"video-s",0.619118,1,0,0,0.138,2.000,174.106,129.20,148.58
spectral-landmarks,2,7,"video-s",1.15,clean,8,147.147,"video-s",0.630882,1,0,0,0.146,1.000,179.930,129.20,148.58
spectral-landmarks,2,7,"video-s",1.17,clean,4,39.239,"video-s",0.648810,1,0,0,0.160,1.000,89.652,129.20,151.16
spectral-landmarks,2,7,"video-s",1.17,clean,4,98.098,"video-s",0.625000,1,0,0,0.133,1.000,85.423,129.20,151.16
spectral-landmarks,2,7,"video-s",1.17,clean,4,147.147,"video-s",0.630952,1,0,0,0.141,1.000,83.712,129.20,151.16
spectral-landmarks,2,7,"video-s",1.17,clean,6,39.239,"video-s",0.601190,1,0,0,0.218,2.000,127.430,129.20,151.16
spectral-landmarks,2,7,"video-s",1.17,clean,6,98.098,"video-s",0.630952,1,0,0,0.191,1.000,128.233,129.20,151.16
spectral-landmarks,2,7,"video-s",1.17,clean,6,147.147,"video-s",0.621032,1,0,0,0.199,1.000,128.577,129.20,151.16
spectral-landmarks,2,7,"video-s",1.17,clean,8,39.239,"video-s",0.588235,1,0,0,0.074,2.000,177.882,129.20,151.16
spectral-landmarks,2,7,"video-s",1.17,clean,8,98.098,"video-s",0.645588,1,0,0,0.140,1.000,170.641,129.20,151.16
spectral-landmarks,2,7,"video-s",1.17,clean,8,147.147,"video-s",0.623529,1,0,0,0.148,1.000,167.150,129.20,151.16
spectral-landmarks,2,7,"video-s",1.00,highpass,4,98.098,"video-s",0.642857,1,0,0,0.116,1.000,46.460,129.20,129.20
spectral-landmarks,2,7,"video-s",1.00,highpass,8,98.098,"video-s",0.647059,1,0,0,0.122,1.000,95.715,129.20,129.20
spectral-landmarks,2,7,"video-s",1.00,lowpass,4,98.098,"video-s",0.741071,1,0,0,0.116,1.000,50.489,129.20,129.20
spectral-landmarks,2,7,"video-s",1.00,lowpass,8,98.098,"video-s",0.745588,1,0,0,0.122,1.000,100.048,129.20,129.20
spectral-landmarks,2,7,"video-s",1.00,filter-release,4,98.098,"video-s",0.738095,1,0,0,0.116,1.000,48.105,129.20,129.20
spectral-landmarks,2,7,"video-s",1.00,filter-release,8,98.098,"video-s",0.736765,1,0,0,0.122,1.000,99.921,129.20,129.20
spectral-landmarks,2,7,"video-s",1.15,highpass,4,98.098,"video-s",0.526786,0,0,1,0.131,,80.219,129.20,148.58
spectral-landmarks,2,7,"video-s",1.15,highpass,8,98.098,"video-s",0.517647,0,0,1,0.138,,160.210,129.20,148.58
spectral-landmarks,2,7,"video-s",1.15,lowpass,4,98.098,"video-s",0.574405,1,0,0,0.131,2.000,85.151,129.20,148.58
spectral-landmarks,2,7,"video-s",1.15,lowpass,8,98.098,"video-s",0.566176,1,0,0,0.138,2.000,178.151,129.20,148.58
spectral-landmarks,2,7,"video-s",1.15,filter-release,4,98.098,"video-s",0.577381,1,0,0,0.131,2.000,86.134,129.20,148.58
spectral-landmarks,2,7,"video-s",1.15,filter-release,8,98.098,"video-s",0.572059,1,0,0,0.138,2.000,179.982,129.20,148.58
spectral-landmarks,2,7,"video-s",0.93,speed-and-pitch,4,98.098,"video-o",0.169643,0,0,1,,,80.985,129.20,129.20
spectral-landmarks,2,7,"video-s",1.15,speed-and-pitch,4,98.098,"video-e",0.181548,0,0,1,,,79.632,69.84,69.84
